bloodwine, bloodwine.png
blue milk, blue milk.png
gagh, gagh.png
heart of targ, heart of targ.png
oskoid, oskoid.png
ramen, ramen.png
soylent green, soylent green.png
soylent red, soylent red.png
soylent yellow, soylent yellow.png
tauntaun steak, tauntaun steak.png
uttaberries, uttaberries.png
spice, spice.png
lightsaber, w_lightsaber.png
bat'leth, w_batleth.png
pneumatic glove, a_pneumaticglove.png
shock whip, w_shockwhip.png
vibroblade, w_vibroblade.png
hydrospanner, w_hydrospanner.png
welding knife, w_weldingknife.png
kinetic staff, weapon.png
crysknife, weapon.png
stormtrooper armour, clothesarmor.png
power armour, clothesarmor.png
space marine armour, clothesarmor.png